STATE,ST_CASE,VE_TOTAL,VE_FORMS,PVH_INVL,PEDS,PERNOTMVIT,PERMVIT,PERSONS,COUNTY,CITY,DAY,MONTH,YEAR,DAY_WEEK,HOUR,MINUTE,NHS,RUR_URB,FUNC_SYS,RD_OWNER,ROUTE,TWAY_ID,TWAY_ID2,MILEPT,LATITUDE,LONGITUD,SP_JUR,HARM_EV,MAN_COLL,RELJCT1,RELJCT2,TYP_INT,WRK_ZONE,REL_ROAD,LGT_COND,WEATHER1,WEATHER2,WEATHER,SCH_BUS,RAIL,NOT_HOUR,NOT_MIN,ARR_HOUR,ARR_MIN,HOSP_HR,HOSP_MN,CF1,CF2,CF3,FATALS,DRUNK_DR
34,340001,1,1,0,0,0,1,1,1,851,3,1,2016,1,4,26,1,2,2,31,8,ATLANTIC CITY EXPY,,101,39.43943889,-74.599219440000,0,42,0,0,1,1,0,3,2,1,0,1,0,0000000,4,32,4,41,5,10,0,0,0,1,1
34,340002,1,1,0,0,0,1,1,25,2374,2,1,2016,7,0,33,0,2,4,1,3,SR-71 NORWOOD AVE,,125,40.27531389,-74.002958330000,0,33,0,0,1,1,0,4,2,1,0,1,0,0000000,0,33,0,48,88,88,0,0,0,1,1
34,340003,1,1,0,0,0,3,3,25,0,30,1,2016,7,3,3,0,2,7,3,5,GREENWOOD RD,,12,40.39529444,-74.259886110000,0,48,0,0,1,1,0,4,3,1,0,1,0,0000000,99,99,99,99,99,99,0,0,0,1,1
34,340004,2,2,0,0,0,2,2,29,1801,22,1,2016,6,9,18,0,2,4,2,4,CR-530,,226,39.94669722,-74.337433330000,0,12,2,0,1,1,0,1,1,1,0,1,0,0000000,99,99,99,99,99,99,0,0,0,1,0
34,340005,1,1,0,0,0,1,1,37,1576,22,1,2016,6,15,6,1,1,3,1,3,SR-15,BEAVER RUN RD,179,41.10367778,-74.694588890000,0,24,0,0,3,3,0,4,1,1,0,1,0,0000000,99,98,99,98,99,98,0,0,0,1,0
34,340006,2,2,0,0,0,8,8,23,3144,1,1,2016,6,5,13,1,2,3,1,2,US-1,CR-610 DEANS LANE,197,40.42111111,-74.528841670000,0,12,6,0,2,3,0,1,3,1,0,1,0,0000000,5,17,5,18,6,37,0,0,0,1,0
34,340007,1,1,0,1,1,1,1,13,2130,2,1,2016,7,20,30,0,2,4,4,6,BERGEN ST,,0,40.74030278,-74.192438890000,0,8,0,0,1,1,0,1,3,1,0,1,0,0000000,20,30,20,30,20,38,0,0,0,1,0
34,340008,1,1,0,0,0,2,2,15,0,20,1,2016,4,7,19,1,2,2,1,3,SR-55,,468,39.67126111,-75.130661110000,0,42,0,0,1,1,0,3,1,1,0,1,0,0000000,7,24,7,29,99,99,0,0,0,1,0
34,340009,2,2,0,0,0,2,2,37,3448,29,1,2016,6,18,1,0,2,5,2,4,CR-565 GLENWOOD RD,,130,41.21936944,-74.532272220000,0,12,2,0,1,1,0,1,2,1,0,1,0,0000000,99,99,99,99,88,88,0,0,0,1,1
34,340010,1,1,0,1,1,1,1,41,1572,6,1,2016,4,1,18,1,1,3,1,2,US-46,,29,40.89461111,-75.067438890000,0,8,0,0,1,1,0,2,2,1,0,1,0,0000000,99,99,99,99,88,88,0,0,0,1,0
34,340011,1,1,0,1,1,3,3,15,0,12,1,2016,3,20,43,1,2,3,1,3,SR-42 BLACK HORSE PIKE,PROSSER AVE,22,39.71565278,-75.019186110000,0,8,0,0,3,3,0,1,3,1,0,1,0,0000000,99,99,99,99,88,88,0,0,0,1,0
34,340012,2,2,0,0,0,2,2,15,0,8,1,2016,6,21,38,1,2,3,1,3,SR-42 BLACK HORSE PIKE,PEDRICK AVE,4,39.69410556,-74.997722220000,0,12,6,0,2,2,0,1,3,1,0,1,0,0000000,21,40,21,56,22,15,0,0,0,1,0
34,340013,1,1,0,0,0,1,1,15,1751,17,1,2016,1,4,50,0,2,5,2,4,CR-653 PAULSBORO RD,,25,39.78875833,-75.306605560000,0,38,0,0,1,1,0,5,2,1,0,1,0,0000000,99,99,99,99,88,88,0,0,0,1,0
34,340014,1,1,0,0,0,2,2,3,890,16,1,2016,7,3,4,1,2,2,1,3,SR-4,,90,40.87870556,-73.980269440000,0,33,0,1,19,1,0,4,3,2,0,2,0,0000000,3,13,3,17,99,99,0,0,0,1,0
34,340015,2,2,0,0,0,2,2,5,0,21,1,2016,5,6,45,1,2,3,1,3,SR-70,CR-530 LAKEHURST RD,332,39.94940278,-74.487333330000,0,12,2,0,2,4,0,1,1,1,0,1,0,0000000,99,99,99,99,99,99,0,0,0,1,0
34,340016,2,2,0,0,0,6,6,11,1970,21,1,2016,5,13,43,1,2,2,1,3,SR-55,,249,39.39453056,-75.010911110000,0,12,1,1,18,1,0,1,1,1,0,1,0,0000000,13,48,14,8,14,40,0,0,0,1,0
34,340017,2,2,0,0,0,4,4,27,2084,26,2,2016,6,6,19,1,2,3,1,2,US-206,HERMANE DR,896,40.81445278,-74.712044440000,0,12,2,0,1,1,0,1,1,1,0,1,0,0000000,99,99,99,99,99,99,0,0,0,1,0
34,340018,2,2,0,0,0,2,2,33,2960,25,1,2016,2,8,14,1,2,3,1,3,SR-49 E BROADWAY,,98,39.56329167,-75.458247220000,0,12,6,0,8,1,0,1,1,10,0,10,0,0000000,8,26,8,32,8,44,0,0,0,1,0
34,340019,1,1,0,1,1,1,1,27,2810,26,2,2016,6,5,0,1,2,3,1,3,SR-23,,120,40.98773611,-74.307638890000,0,8,0,0,1,1,0,1,3,1,0,1,0,0000000,4,58,5,0,88,88,23,0,0,1,0
34,340020,1,1,0,1,1,1,1,25,2109,13,2,2016,7,18,31,0,2,4,1,3,SR-71,SR-33,76,40.21053889,-74.015369440000,0,8,0,0,3,3,0,1,3,1,0,1,0,0000000,99,99,99,99,99,99,0,0,0,1,0
34,340021,1,1,0,1,1,1,1,27,0,24,2,2016,4,19,58,0,2,4,1,3,SR-124 MADISON AVE,PITNEY PLACE,17,40.78691944,-74.454538890000,0,8,0,0,3,3,0,1,3,2,0,2,0,0000000,99,99,99,99,99,99,0,0,0,1,0
34,340022,1,1,0,1,1,2,2,9,0,15,3,2016,3,21,13,0,2,4,1,2,US-9 SHORE RD,,113,39.06495278,-74.833475000000,0,8,0,0,1,1,0,1,2,1,0,1,0,0000000,21,14,21,17,88,88,0,0,0,1,0
34,340023,1,1,0,1,1,1,1,25,2680,2,1,2016,7,18,9,1,2,3,1,3,SR-36,MAIN ST,189,40.42743889,-74.105688890000,0,8,0,0,2,2,0,1,3,1,0,1,0,0000000,99,99,99,99,88,88,0,0,0,1,0
34,340024,1,1,0,1,1,1,1,31,660,20,1,2016,4,6,41,0,2,5,2,4,CR-624 II RIVER RD,,12,40.83210000,-74.123038890000,0,8,0,0,1,1,0,1,3,1,0,1,0,0000000,6,46,99,99,99,99,0,0,0,1,0
34,340025,2,2,0,0,0,5,5,23,2417,15,3,2016,3,12,23,1,2,3,1,2,US-9,,1246,40.39777500,-74.307205560000,0,12,2,0,1,1,0,1,1,1,0,1,0,0000000,12,31,12,43,13,14,0,0,0,3,0
34,340026,1,1,0,0,0,1,1,15,1082,2,3,2016,4,6,51,0,1,5,2,4,CR-555 MAIN ROAD,MARSHALL MILL RD,245,39.59761111,-75.008933330000,0,30,0,0,3,3,0,4,1,1,0,1,0,0000000,6,51,6,59,7,34,0,0,0,1,0
34,340027,2,2,0,0,0,2,2,7,1235,26,3,2016,7,11,17,1,2,3,1,3,SR-168,NARBERTH AVE,78,39.87791667,-75.084516670000,0,12,6,0,4,1,0,1,1,1,0,1,0,0000000,11,21,11,25,12,1,0,0,0,1,0
34,340028,1,1,0,0,0,1,1,37,1993,28,3,2016,2,11,39,0,1,5,2,4,CR-521 RIVER ROAD,,400,41.33146389,-74.751888890000,0,30,0,0,1,1,0,4,1,2,0,2,0,0000000,11,39,12,5,88,88,0,0,0,1,0
34,340029,1,1,0,0,0,1,1,37,3501,22,3,2016,3,21,0,0,1,5,2,4,CR-650 DECKERTOWN TURNPIKE,,91,41.25276944,-74.668980560000,0,34,0,0,1,1,0,4,2,1,0,1,0,0000000,16,1,16,1,16,44,0,0,0,1,0
34,340030,1,1,0,0,0,3,3,41,314,3,3,2016,5,16,54,1,1,1,1,1,I-80,,90,40.93493889,-75.015011110000,0,35,0,0,1,1,0,3,1,1,0,1,0,0000000,16,56,17,4,99,99,0,0,0,3,1
34,340031,1,1,0,0,0,1,1,31,3522,22,3,2016,3,13,56,0,2,7,4,6,BIRCHWOOD TER,CLINTON LN,4,40.93661389,-74.235161110000,0,19,0,0,3,3,0,5,1,1,0,1,0,0000000,99,99,99,99,99,99,0,0,0,1,0
34,340032,1,1,0,0,0,1,1,9,0,22,3,2016,3,6,54,1,2,2,31,8,GSP-444 GARDEN STATE PARKWAY,,240,39.24756944,-74.656469440000,0,42,0,0,1,1,0,3,2,1,0,1,0,0000000,7,2,7,13,88,88,0,0,0,1,1
34,340033,2,2,0,0,0,2,2,29,1801,17,3,2016,5,16,31,0,2,4,2,4,CR-530 WHITING NEW EGYPT RD,,99999,39.95827222,-74.389886110000,0,12,2,0,1,1,0,1,1,2,0,2,0,0000000,99,99,99,99,17,35,0,0,0,1,1
34,340034,1,1,0,1,1,1,1,25,0,14,3,2016,2,22,24,0,2,7,3,5,STONEHURST BLVD,,14,40.23411389,-74.276744440000,0,8,0,0,1,1,0,1,3,2,0,2,0,0000000,99,99,99,99,99,99,0,0,0,1,0
34,340035,2,1,1,0,1,1,2,29,1755,22,3,2016,3,8,38,0,2,4,2,4,CR-607,SEAVIEW DR,159,39.73425278,-74.120519440000,0,45,0,0,1,1,1,1,1,1,0,1,0,0000000,99,99,99,99,99,99,0,0,0,1,0
34,340036,1,1,0,1,1,3,3,25,1465,10,1,2016,1,22,44,1,1,3,1,2,US-9,,1095,40.19309167,-74.252322220000,0,8,0,0,1,1,0,1,2,1,0,1,0,0000000,22,48,22,53,23,16,0,0,0,1,0
34,340037,1,1,0,0,0,1,1,9,0,9,1,2016,7,13,49,1,1,3,1,3,SR-347/CR-670,,6,39.21275833,-74.872991670000,0,42,0,0,1,1,0,4,1,1,0,1,0,0000000,13,40,13,44,88,88,0,0,0,1,0
34,340038,1,1,0,0,0,1,1,7,0,15,3,2016,3,6,11,1,2,2,31,8,446 ATLANTIC CITY EXRESSWAY,,419,39.75518889,-75.034900000000,0,42,0,0,1,1,0,5,2,2,0,2,0,0000000,6,14,99,99,88,88,0,0,0,1,0
34,340039,1,1,0,1,1,1,1,15,3569,7,3,2016,2,20,26,1,2,1,1,1,I-295,,242,39.86125000,-75.148850000000,0,8,0,0,1,1,0,1,3,1,0,1,0,0000000,20,28,20,35,99,99,19,0,0,1,0
34,340040,1,1,0,1,1,2,2,39,3207,2,3,2016,4,16,18,1,2,3,1,3,SR-124 MORRIS AVE,CR-635 MOUNTAIN AVE,112,40.71110833,-74.311091670000,0,8,0,0,3,3,0,1,1,1,0,1,1,0000000,16,17,16,27,16,46,0,0,0,1,0
34,340041,1,1,0,0,0,2,2,25,1465,26,3,2016,7,2,29,0,2,5,2,4,CR-547,,187,40.20814167,-74.156936110000,0,42,0,0,1,1,0,5,2,1,0,1,0,0000000,2,34,2,50,88,88,0,0,0,2,1
34,340042,1,1,0,0,0,2,2,11,1845,25,3,2016,6,15,5,0,1,4,1,3,SR-49 DELSEA DRIVE,,437,39.35128889,-74.910438890000,0,42,0,0,1,1,0,5,1,1,0,1,0,0000000,15,7,15,21,15,29,0,0,0,1,0
34,340043,2,2,0,0,0,2,2,11,3460,21,3,2016,2,1,50,1,2,2,1,3,SR-55,,330,39.28676111,-74.986119440000,0,12,1,0,1,1,0,1,2,4,0,4,0,0000000,99,99,99,99,99,99,0,0,0,1,1
34,340044,2,2,0,0,0,2,2,1,1105,1,3,2016,3,14,0,0,2,4,2,4,CR-575 POMONA RD,,137,39.48683889,-74.556416670000,0,12,8,0,1,1,0,1,1,1,0,1,0,0000000,14,30,14,30,99,99,0,0,0,1,0
34,340045,3,3,0,0,0,4,4,29,1801,15,4,2016,6,7,9,1,2,3,1,3,SR-70,SAM PITTS RD,376,39.95780278,-74.406227780000,0,12,1,0,3,3,0,1,1,1,0,1,0,0000000,7,22,7,38,8,26,0,0,0,1,0
34,340046,2,2,0,0,0,3,3,23,1910,16,4,2016,7,12,56,1,2,3,1,3,SR-27 ESSEX AVE,BRIDGE ST,229,40.53488611,-74.375063890000,0,12,6,0,2,3,0,1,1,1,0,1,0,0000000,99,99,99,99,99,99,0,0,0,1,0
34,340047,1,1,0,1,1,1,1,21,3509,19,4,2016,3,6,12,0,2,4,2,4,CR-526 ROBBINSVILLE RD,,54,40.23402222,-74.616600000000,0,8,0,0,1,1,0,1,4,1,0,1,0,0000000,99,99,99,99,88,88,0,0,0,1,0
34,340048,3,3,0,0,0,4,4,5,2081,7,1,2016,5,15,4,0,2,5,2,4,CR-612,HAINESPORT RD,24,39.93046111,-74.897511110000,0,12,7,0,3,2,0,1,1,1,0,1,0,0000000,15,13,15,20,16,1,0,0,0,1,0
34,340049,1,1,0,1,1,1,1,21,1265,4,1,2016,2,3,50,1,2,2,31,8,NEW JERSEY TURNPIKE SNO,,575,40.16623889,-74.646838890000,0,8,0,0,1,1,0,1,2,1,0,1,0,0000000,3,56,4,19,88,88,0,0,0,1,0
34,340050,2,2,0,0,0,2,2,25,1560,22,2,2016,2,12,2,1,2,3,1,3,SR-36 E,ATLANTIC ST,240,40.42751944,-74.195033330000,0,12,6,0,2,2,0,1,1,1,0,1,0,0000000,12,3,12,7,12,47,0,0,0,1,0
34,340051,1,1,0,0,0,1,1,33,2617,15,2,2016,2,18,53,1,2,2,1,3,SR-55,,384,39.56948889,-75.062911110000,0,42,0,0,1,1,0,4,2,2,0,2,0,0000000,99,99,99,99,99,99,0,0,0,1,0
34,340052,1,1,0,0,0,1,1,23,2417,15,2,2016,2,15,46,1,2,2,31,8,GARDEN STATE PARKWAY - EXP LN,,1214,40.43708889,-74.254588890000,0,42,0,1,19,1,0,3,1,4,0,4,0,0000000,15,54,16,13,17,20,0,0,0,1,0
34,340053,4,2,2,0,0,6,6,21,1265,3,1,2016,1,11,35,1,2,3,4,2,US-206 BROAD ST,SAMDIN BLVD,398,40.19490833,-74.721216670000,0,12,6,0,2,3,0,1,1,1,0,1,0,0000000,11,48,12,1,12,21,14,0,0,1,0
34,340054,1,1,0,2,2,2,2,23,1380,16,1,2016,7,15,10,1,2,3,1,3,SR-27 RARITAN AVE,COLUMBIA ST,179,40.50557222,-74.415986110000,0,8,0,0,3,3,0,4,1,1,0,1,0,0000000,12,14,12,18,12,33,0,0,0,1,0
34,340055,2,2,0,0,0,2,2,33,0,28,1,2016,5,8,1,0,1,5,2,4,CR-643/STRAUGHNS MILL RD,,29,39.74476944,-75.406411110000,0,12,6,0,1,1,0,1,1,1,0,1,0,0000000,8,1,8,12,88,88,0,0,0,1,0
34,340056,1,1,0,0,0,1,1,3,3730,20,2,2016,7,13,27,1,2,2,31,8,GSP-444,,1687,41.01576111,-74.067261110000,0,24,0,0,1,1,0,4,1,1,0,1,0,0000000,13,31,13,46,88,88,0,0,0,1,0
34,340057,1,1,0,1,1,2,2,3,1330,28,2,2016,1,18,30,0,2,4,2,4,CR-40 WILLIAMS AVE,,26,40.86802778,-74.068888890000,0,8,0,0,1,1,0,1,3,1,0,1,0,0000000,18,31,18,42,18,57,0,0,0,1,0
34,340058,2,2,0,0,0,3,3,35,0,15,2,2016,2,17,34,1,2,3,1,2,US-206,,588,40.41386389,-74.650008330000,0,12,6,0,1,1,0,1,3,3,12,3,0,0000000,99,99,99,99,99,99,0,0,0,1,0
34,340059,1,1,0,0,0,2,2,29,0,6,2,2016,7,18,46,0,2,5,2,4,CR-640 ARCHERTOWN RD,,19,40.06671389,-74.501411110000,0,30,0,0,1,1,0,4,2,1,0,1,0,0000000,18,43,18,43,19,16,0,0,0,1,0
34,340060,1,1,0,0,0,1,1,3,560,4,2,2016,5,21,51,1,2,1,31,1,I-95/WESTERN ALIGNMENT,,86,40.81131944,-74.063261110000,0,33,0,1,5,1,0,4,3,1,0,1,0,0000000,99,99,99,99,99,99,0,0,0,1,1
34,340061,2,2,0,0,0,2,2,29,3060,10,2,2016,4,15,40,1,2,3,1,3,SR-72 W,BARNEGAT AVE,284,39.65208056,-74.179958330000,0,12,6,0,2,2,0,1,1,1,0,1,0,0000000,15,40,15,51,16,32,0,0,0,1,1
34,340062,2,2,0,0,0,2,2,41,0,4,3,2016,6,19,28,1,2,3,1,2,US-46,CR-619/TITMAN RD,90,40.83501111,-75.018538890000,0,12,6,0,2,4,0,1,3,1,0,1,0,0000000,99,99,99,99,99,99,0,0,0,1,0
34,340063,1,1,0,1,1,1,1,23,2208,21,3,2016,2,12,57,0,2,4,1,3,SR-171/GEORGES RD,LAUREL PLACE,6,40.46814444,-74.452916670000,0,8,0,0,4,1,0,1,1,1,0,1,0,0000000,13,15,13,17,13,30,0,0,0,1,0
34,340064,1,1,0,0,0,1,1,5,0,17,3,2016,5,16,24,0,1,7,3,5,INDIAN TRAIL,,2,39.97605556,-74.715077780000,0,30,0,0,1,1,0,4,1,10,0,10,0,0000000,16,24,16,30,16,36,0,0,0,1,0
34,340065,1,1,0,0,0,1,1,29,0,16,4,2016,7,14,28,0,1,7,3,5,HAMBLE RD,GIMBALL RD,0,39.63261389,-74.331972220000,0,30,0,0,3,3,0,4,1,1,0,1,0,0000000,14,30,14,34,15,18,0,0,0,1,0
34,340066,1,1,0,0,0,1,1,33,0,29,4,2016,6,7,23,0,1,4,1,3,SR-77POLE TAVERN-BRIDGETON RD,,112,39.46106944,-75.207438890000,0,30,0,0,1,1,0,4,1,1,0,1,0,0000000,7,28,7,33,88,88,0,0,0,1,1
34,340067,1,1,0,0,0,1,1,11,3460,18,2,2016,5,1,17,0,2,4,1,3,SR-47 N DELSEA DR,,493,39.53047500,-75.043922220000,0,38,0,0,1,1,0,4,3,1,0,1,0,0000000,1,17,99,97,99,97,0,0,0,1,1
34,340068,1,1,0,0,0,1,1,39,3207,18,2,2016,5,2,18,1,2,3,1,2,US-22,,527,40.68719167,-74.316866670000,0,33,0,0,1,1,0,3,2,1,0,1,0,0000000,2,25,2,34,88,88,0,0,0,1,1
34,340069,2,2,0,0,0,7,7,11,0,4,2,2016,5,7,42,1,2,3,1,3,SR-49,,274,39.42373889,-75.201830560000,0,12,6,0,1,1,0,1,1,10,0,10,1,0000000,7,46,8,1,9,0,0,0,0,1,0
34,340070,1,1,0,0,0,1,1,15,0,21,2,2016,1,1,12,0,2,7,3,5,WALNUT ST,,2,39.68250000,-74.983863890000,0,30,0,0,1,1,0,4,3,1,0,1,0,0000000,99,99,99,99,88,88,0,0,0,1,1
34,340071,1,1,0,0,0,1,1,11,0,19,4,2016,3,3,11,0,1,4,2,4,CR-553/ MAIN ST,,49,39.27436944,-75.106652780000,0,30,0,0,1,1,0,4,2,1,0,1,0,0000000,99,99,99,99,88,88,0,0,0,1,0
34,340072,2,2,0,0,0,3,3,27,0,8,1,2016,6,10,41,0,2,4,2,4,CR-512 VALLEY RD,NORTHFIELD RD,219,40.66560000,-74.516344440000,0,12,6,0,2,2,0,1,1,1,0,1,0,0000000,99,99,99,99,99,99,0,0,0,1,0
34,340073,1,1,0,0,0,1,1,41,18,13,2,2016,7,20,6,1,1,1,1,1,I-80 W,,203,40.91726944,-74.808250000000,0,33,0,0,1,1,0,3,3,1,0,1,0,0000000,20,7,20,25,21,13,0,0,0,1,0
34,340074,1,1,0,0,0,1,1,11,1970,24,4,2016,1,4,39,1,2,2,1,3,SR-55,,290,39.43718056,-75.059200000000,0,1,0,0,1,1,0,3,2,1,0,1,0,0000000,4,39,4,47,88,88,0,0,0,1,1
34,340075,3,3,0,0,0,4,4,29,145,1,2,2016,2,17,4,1,2,3,1,3,SR-72,SR-554,163,39.77748889,-74.332680560000,0,12,8,0,3,3,0,1,2,2,0,2,0,0000000,99,99,99,99,99,99,0,0,0,1,0
34,340076,1,1,0,1,1,2,2,13,2130,6,2,2016,7,22,36,1,2,1,1,1,I-78,,551,40.71586111,-74.218438890000,0,8,0,1,18,1,0,1,2,1,0,1,0,0000000,99,99,99,99,88,88,19,0,0,1,0
34,340077,1,1,0,0,0,4,4,11,3460,20,2,2016,7,4,23,0,2,4,2,4,CR-540 E LANDIS AVE,,374,39.48366389,-74.973819440000,0,53,0,0,1,1,0,4,2,1,0,1,0,0000000,4,27,4,34,5,0,0,0,0,1,1
34,340078,1,1,0,1,1,1,1,7,0,21,2,2016,1,21,11,0,2,4,2,4,CR-673 COLLEGE DR,CR-759 LITTLE GLOUCESTER,11,39.79101944,-75.036800000000,0,8,0,0,3,2,0,1,3,2,0,2,0,0000000,1,12,1,30,88,88,0,0,0,1,0
34,340079,2,1,1,1,1,1,1,17,190,27,4,2016,4,14,15,1,2,4,2,4,CR-501 KENNEDY BLVD,W 31ST ST,254,40.67227500,-74.117766670000,0,8,0,0,3,2,0,2,1,1,0,1,0,0000000,99,99,99,99,99,99,0,0,0,1,0
34,340080,2,2,0,0,0,3,3,29,3360,2,2,2016,3,11,25,0,2,4,2,4,CR-622 COX CRO RD,VERMONT AVE,16,40.02623611,-74.213047220000,0,12,6,0,2,2,0,1,1,1,0,1,0,0000000,11,21,11,22,11,37,0,0,0,1,0
34,340081,1,1,0,1,1,2,2,13,1480,26,2,2016,6,12,27,1,2,3,2,4,CR-603 SPRINGFIELD AVE,BRUEN AVE,13,40.72765000,-74.223336110000,0,8,0,0,2,3,0,1,1,1,0,1,0,0000000,99,99,99,99,99,99,0,0,0,1,0
34,340082,2,2,0,0,0,3,3,5,2081,28,2,2016,1,11,29,0,2,4,2,4,CR-686 HARTFORD RD,UNION MILL RD,53,39.96198056,-74.882802780000,0,12,6,0,2,2,0,1,1,1,0,1,0,0000000,99,99,99,99,99,99,0,0,0,1,0
34,340083,1,1,0,1,1,1,1,1,1105,10,2,2016,4,6,50,1,2,3,1,2,US-30 W WHITE HORSE PIKE,S POPLAR AVE,481,39.46253889,-74.550386110000,0,8,0,0,3,3,0,1,4,4,0,4,1,0000000,6,53,6,57,88,88,0,0,0,1,0
34,340084,1,1,0,1,1,1,1,3,3350,18,2,2016,5,6,14,1,2,3,1,2,US-46,,685,40.86103056,-74.057513890000,0,8,0,0,1,1,0,1,4,1,0,1,0,0000000,6,26,6,51,88,88,0,0,0,1,0
34,340085,1,1,0,1,1,1,1,1,10,11,1,2016,2,23,57,1,2,3,1,2,US-30 WHITE HORSE PIKE,CR-651 MILL RD,511,39.43195833,-74.511258330000,0,8,0,0,3,2,0,1,3,1,0,1,0,0000000,23,56,23,58,88,88,0,0,0,1,0
34,340086,1,1,0,0,0,2,2,23,844,8,1,2016,6,8,19,1,2,1,31,1,I-95,,406,40.50853889,-74.373838890000,0,24,0,0,1,1,0,4,1,1,0,1,0,0000000,99,99,99,99,99,99,0,0,0,1,0
34,340087,1,1,0,0,0,1,1,25,0,11,2,2016,5,19,4,0,1,7,3,5,BITTNER RD,,5,40.21476667,-74.439213890000,0,24,0,0,1,1,0,4,2,1,0,1,0,0000000,99,99,99,99,20,11,0,0,0,1,0
34,340088,2,2,0,0,0,3,3,25,3475,30,3,2016,4,15,14,1,2,2,31,8,444 GARDEN STATE PARKWAY,,963,40.14441944,-74.110861110000,0,24,0,0,1,1,0,4,1,1,0,1,0,0000000,99,99,99,99,99,99,14,0,0,1,0
34,340089,2,2,0,0,0,3,3,13,2130,20,1,2016,4,19,15,1,2,1,31,1,I-95,,595,40.70830000,-74.156200000000,0,26,0,0,1,1,0,1,3,1,0,1,0,0000000,19,31,19,40,20,7,14,25,0,1,0
34,340090,1,1,0,1,1,4,4,13,2130,3,1,2016,1,18,5,1,2,3,2,4,CR-506 SPUR/BLOOMFIELD AVE,MOUNT PROSPECT AVE,35,40.75877500,-74.175419440000,0,8,0,0,3,2,0,1,3,1,0,1,0,0000000,99,99,99,99,88,88,0,0,0,1,0
34,340091,3,3,0,0,0,5,5,13,2130,12,1,2016,3,14,23,0,2,4,4,6,IRVINE TURNER BLVD,WEST BIGELOW ST,0,40.71798611,-74.195077780000,0,12,6,0,2,2,0,1,1,1,0,1,0,0000000,14,23,14,24,14,44,0,0,0,1,0
34,340092,1,1,0,0,0,1,1,33,2725,15,1,2016,6,6,57,1,1,3,1,3,SR-49(SALEM-QUINTON RD),,115,39.55523056,-75.432280560000,0,30,0,0,1,1,0,4,1,1,0,1,0,0000000,99,99,99,99,99,99,0,0,0,1,0
34,340094,1,1,0,0,0,3,3,19,0,6,1,2016,4,11,40,1,2,1,1,1,I-78,,211,40.64723056,-74.828119440000,0,24,0,0,1,1,0,4,1,1,0,1,0,0000000,11,39,11,58,88,88,0,0,0,1,0
34,340095,1,1,0,0,0,2,2,37,3239,21,2,2016,1,5,29,0,1,7,3,5,OLD FOUNDRY RD,CR-617,0,41.07746389,-74.889808330000,0,34,0,0,3,3,0,4,2,1,0,1,0,0000000,99,99,99,99,99,99,0,0,0,1,0
34,340096,1,1,0,1,1,3,3,39,860,28,2,2016,1,3,0,1,2,1,31,1,I-95,,571,40.67121111,-74.177238890000,0,8,0,0,1,1,0,1,3,1,0,1,0,0000000,99,99,99,99,99,99,0,0,0,1,0