STATE,ST_CASE,VE_TOTAL,VE_FORMS,PVH_INVL,PEDS,PERNOTMVIT,PERMVIT,PERSONS,COUNTY,CITY,DAY,MONTH,YEAR,DAY_WEEK,HOUR,MINUTE,NHS,RUR_URB,FUNC_SYS,RD_OWNER,ROUTE,TWAY_ID,TWAY_ID2,MILEPT,LATITUDE,LONGITUD,SP_JUR,HARM_EV,MAN_COLL,RELJCT1,RELJCT2,TYP_INT,WRK_ZONE,REL_ROAD,LGT_COND,WEATHER1,WEATHER2,WEATHER,SCH_BUS,RAIL,NOT_HOUR,NOT_MIN,ARR_HOUR,ARR_MIN,HOSP_HR,HOSP_MN,CF1,CF2,CF3,FATALS,DRUNK_DR
34,340385,2,2,0,0,0,2,2,33,567,5,10,2016,4,18,15,1,2,1,1,1,I-295,,13,39.67923889,-75.487386110000,0,1,0,1,5,1,0,1,5,1,0,1,0,0000000,18,15,18,21,88,88,0,0,0,1,0
34,340386,1,1,0,0,0,2,2,25,3357,16,10,2016,1,15,51,1,2,2,31,8,GSP-444 GARDEN STATE PARKWAY,,1027,40.22530000,-74.096344440000,0,5,0,0,1,1,0,1,1,1,0,1,0,0000000,16,0,16,5,88,88,0,0,0,1,0
34,340387,2,2,0,0,0,3,3,9,0,25,10,2016,3,12,44,0,2,3,1,2,US-9,CHURCH RD,275,39.25138333,-74.662225000000,0,12,2,0,3,3,0,1,1,1,0,1,0,0000000,12,43,12,52,13,11,0,0,0,1,0
34,340388,1,1,0,0,0,1,1,37,1993,16,10,2016,1,12,6,1,1,3,1,3,SR-23,,490,41.33025000,-74.679036110000,0,42,0,0,1,1,0,5,1,1,0,1,0,0000000,12,7,12,39,13,8,0,0,0,1,0
34,340389,1,1,0,0,0,1,1,9,742,16,10,2016,1,20,51,1,1,2,31,8,GSP-444 GARDEN STATE PARKWAY,,163,39.15759167,-74.744261110000,0,42,0,0,1,1,0,5,2,1,0,1,0,0000000,20,48,21,3,88,88,0,0,0,1,1
34,340390,2,2,0,1,1,1,1,23,704,21,10,2016,6,0,8,1,1,1,31,1,I-95,,236,40.28351667,-74.502836110000,0,12,6,0,1,1,0,1,2,1,0,1,0,0000000,0,16,0,24,88,88,19,0,0,1,0
34,340391,1,1,0,1,1,1,1,1,2700,21,10,2016,6,13,47,0,2,4,2,4,CR-561A MOSS MILL RD,,49,39.49901944,-74.494561110000,0,9,0,0,1,1,0,1,1,1,0,1,0,0000000,13,35,13,40,14,10,0,0,0,1,0
34,340392,5,5,0,1,1,8,8,39,616,5,10,2016,4,19,39,1,2,2,31,8,GSP-444 GARDEN STATE PARKWAY,,1354,40.61656389,-74.311327780000,0,12,1,0,1,1,0,1,2,1,0,1,0,0000000,19,40,19,51,20,30,0,0,0,1,0
34,340393,2,2,0,0,0,3,3,29,416,6,10,2016,5,2,46,1,2,2,31,8,GSP-444 GARDEN STATE PARKWAY,,937,40.11131111,-74.133169440000,0,12,1,0,1,1,0,1,2,1,0,1,0,0000000,99,99,99,99,88,88,0,0,0,1,1
34,340394,1,1,0,1,1,1,1,5,2081,13,10,2016,5,23,33,1,2,1,1,1,I-295,,370,39.93903889,-74.957219440000,0,8,0,0,1,1,0,1,2,1,0,1,0,0000000,23,32,23,35,88,88,0,0,0,1,0
34,340395,2,2,0,0,0,2,2,5,3325,30,10,2016,1,10,57,0,2,5,2,4,CR-648 CARRAZA RD,,63,39.84654444,-74.712966670000,0,12,6,0,4,1,0,1,1,1,0,1,0,0000000,99,99,99,99,99,99,0,0,0,1,0
34,340396,1,1,0,1,1,1,1,5,3537,30,10,2016,1,3,25,1,2,2,31,8,NJTP-700 NEW JERSEY TURNPIKE,,441,40.02899167,-74.819133330000,0,8,0,0,1,1,0,1,2,1,0,1,0,0000000,99,99,99,99,88,88,0,0,0,1,0
34,340397,1,1,0,0,0,2,2,25,0,28,10,2016,6,23,51,0,1,7,3,5,EMLEYS HILL RD,,24,40.15602778,-74.501700000000,0,42,0,0,1,1,0,5,2,1,0,1,0,0000000,23,57,0,14,1,20,0,0,0,1,1
34,340398,1,1,0,0,0,1,1,25,0,30,10,2016,1,9,29,0,2,7,3,5,AMBOY RD,,1,40.35221389,-74.284083330000,0,42,0,0,1,1,0,5,1,1,0,1,0,0000000,9,37,10,0,10,22,0,0,0,1,0
34,340399,1,1,0,0,0,1,1,11,1970,19,10,2016,4,18,52,0,2,7,2,4,CR-625 HOGBIN RD,,21,39.38338611,-75.105436110000,0,42,0,0,1,1,0,5,5,1,0,1,0,0000000,88,88,88,88,88,88,0,0,0,1,1
34,340400,1,1,0,1,1,1,1,1,1105,5,10,2016,4,20,4,0,2,4,2,4,CR-561 JIMMIE LEEDS RD,RIDGEWOOD AVE,34,39.47406111,-74.525033330000,0,8,0,0,1,1,0,1,2,1,0,1,0,0000000,20,6,20,11,20,28,0,0,0,1,0
34,340401,1,1,0,0,0,1,1,17,3040,3,10,2016,2,20,8,1,2,2,1,3,SR-3,,94,40.79295833,-74.056275000000,0,33,0,0,5,1,0,4,3,1,0,1,0,0000000,99,99,99,99,99,99,0,0,0,1,0
34,340402,1,1,0,1,1,1,1,25,1798,2,10,2016,1,20,50,1,2,3,1,3,SR-33,WOODWARD RD,226,40.25400556,-74.368394440000,0,8,0,0,3,2,0,1,3,1,0,1,0,0000000,20,55,21,9,88,88,0,0,0,1,0
34,340403,2,2,0,0,0,2,2,39,2900,15,10,2016,7,2,52,1,2,3,1,3,SR-27,,318,40.64755000,-74.248236110000,0,33,0,0,1,1,0,4,3,1,0,1,0,0000000,2,49,2,55,3,52,0,0,0,2,2
34,340404,1,1,0,1,1,1,1,35,290,6,10,2016,5,7,55,0,2,5,2,4,CR-652 ALLEN RD,LIBERTY RIDGE RD,22,40.65191667,-74.616261110000,0,8,0,0,2,3,0,1,1,1,0,1,0,0000000,7,57,8,4,99,99,0,0,0,1,0
34,340405,1,1,0,1,1,1,1,11,3460,4,10,2016,3,6,33,0,2,5,2,4,CR-540 ALMOND RD,EDRUDO RD,324,39.49482500,-75.056625000000,0,9,0,0,8,1,0,98,2,1,0,1,0,0000000,6,34,99,97,99,97,0,0,0,1,0
34,340406,1,1,0,0,0,2,2,25,0,28,10,2016,6,17,29,0,1,7,3,5,W HURLEY POND RD,,32,40.18042500,-74.151952780000,0,58,0,0,1,1,0,1,5,1,0,1,0,0000000,17,32,17,47,88,88,0,0,0,2,1
34,340407,1,1,0,1,1,1,1,17,190,13,10,2016,5,18,55,0,2,5,4,6,AVENUE E,EAST 21ST STREET,0,40.66105278,-74.117336110000,0,8,0,0,2,2,0,1,3,1,0,1,0,0000000,99,99,99,99,99,99,0,0,0,1,0
34,340408,1,1,0,1,1,1,1,25,1925,26,10,2016,4,13,36,0,2,4,2,4,CR-520 NEWMAN SPRINGS RD,,125,40.33664167,-74.141836110000,0,8,0,0,1,1,0,1,1,1,0,1,0,0000000,99,99,99,99,88,88,0,0,0,1,0
34,340409,2,2,0,0,0,4,4,37,0,23,10,2016,1,13,25,0,2,4,2,4,CR-605 STANHOPE-SPARTA RD,CR-671 AMITY RD,48,40.98670278,-74.665900000000,0,12,2,0,2,3,0,1,1,1,0,1,0,0000000,13,35,13,45,14,10,0,0,0,1,0
34,340410,2,2,0,0,0,4,4,23,1986,12,11,2016,7,17,20,0,2,4,2,4,CR-613 SPOTSWOOD ENGLISHTOWN R,MONMOUTH RD,52,40.38181111,-74.388563890000,0,12,2,0,3,4,0,1,3,1,0,1,0,0000000,17,24,17,31,17,58,0,0,0,1,0
34,340411,4,3,1,0,0,6,6,3,3335,24,11,2016,5,15,30,0,2,4,2,4,CR-56III,QUEEN ANNE RD,13,40.87520000,-74.020722220000,0,12,6,0,2,2,0,1,1,1,0,1,0,0000000,99,99,99,99,99,99,0,0,0,1,0
34,340412,1,1,0,1,1,1,1,3,3335,21,11,2016,2,6,55,0,2,4,2,4,CR-41I RIVER RD,RAMAPO RD,34,40.89611667,-74.028944440000,0,8,0,0,1,1,0,1,1,1,0,1,0,0000000,99,99,99,99,99,99,0,0,0,1,0
34,340413,2,2,0,0,0,4,4,23,3144,8,11,2016,3,21,22,1,2,3,1,2,US-1,RAYMOND RD,158,40.37987222,-74.579186110000,0,12,6,0,2,2,0,1,3,1,0,1,0,0000000,21,25,21,32,22,24,0,0,0,1,0
34,340414,2,2,0,0,0,4,4,29,210,6,11,2016,1,18,16,1,2,2,31,8,GSP-444 GARDEN STATE PARKWAY,,789,39.91418611,-74.210944440000,0,12,1,0,1,1,0,1,2,1,0,1,0,0000000,18,17,18,29,19,15,19,0,0,1,0
34,340415,2,2,0,0,0,3,3,39,3395,12,11,2016,7,10,10,1,2,2,31,8,GSP-444 GARDEN STATE PARKWAY,,1423,40.69964722,-74.252238890000,0,12,7,0,1,1,0,1,1,1,0,1,0,0000000,99,99,99,99,99,99,0,0,0,1,0
34,340416,1,1,0,0,0,3,3,13,2440,12,11,2016,7,1,33,0,2,5,4,6,TREMONT AVE,MOSSWOOD AVE,8,40.75683611,-74.240369440000,0,33,0,0,3,2,0,4,3,1,0,1,0,0000000,99,99,99,99,88,88,0,0,0,3,0
34,340417,1,1,0,1,1,2,2,5,3149,8,11,2016,3,17,31,1,2,3,1,2,US-206,,230,39.96406944,-74.738150000000,0,8,0,0,1,1,0,1,2,1,0,1,0,0000000,99,99,99,99,88,88,0,0,0,1,0
34,340418,1,1,0,0,0,1,1,29,1590,3,11,2016,5,12,17,1,2,2,31,8,GSP-444 GARDEN STATE PARKWAY,,883,40.04446389,-74.175100000000,0,42,0,0,1,1,0,5,1,1,0,1,0,0000000,99,99,99,99,88,88,0,0,0,1,0
34,340419,2,1,1,0,1,1,2,7,598,19,11,2016,7,4,22,1,2,1,1,1,I-295,,344,39.90301389,-74.987113890000,0,14,0,0,1,1,0,2,3,1,0,1,0,0000000,4,20,4,30,5,4,0,0,0,1,1
34,340420,1,1,0,0,0,2,2,29,0,7,11,2016,2,15,45,0,2,5,2,4,CR-640 HAWKINS RD,,52,40.07822778,-74.452855560000,0,42,0,0,1,1,0,5,1,1,0,1,0,0000000,15,47,15,54,16,55,0,0,0,1,0
34,340421,2,2,0,0,0,4,4,41,0,16,9,2016,6,14,35,1,2,1,1,1,I-78,SR-173,39,40.66061389,-75.069636110000,0,12,6,1,5,1,0,1,1,1,0,1,1,0000000,14,39,14,46,15,22,0,0,0,1,0
34,340422,2,2,0,0,0,2,2,25,3357,11,11,2016,6,10,31,1,2,2,31,8,GSP-444 GARDEN STATE PARKWAY,,1082,40.30948056,-74.094186110000,0,12,1,0,1,1,0,1,1,1,0,1,0,0000000,10,33,10,39,10,58,0,0,0,1,0
34,340423,1,1,0,1,1,1,1,5,3325,11,11,2016,6,15,23,0,1,5,2,4,CR-532 CHATSWORTH RD,MOORSE MEADOWS RD,100,39.83259167,-74.628427780000,0,9,0,0,1,1,0,4,1,1,0,1,0,0000000,99,99,99,99,88,88,0,0,0,1,0
34,340424,4,4,0,0,0,4,4,39,3395,9,11,2016,4,12,20,1,2,1,1,1,I-78,,527,40.71016944,-74.263527780000,0,24,0,0,1,1,0,4,1,10,0,10,0,0000000,99,99,99,99,99,99,0,0,0,1,0
34,340425,2,2,0,0,0,3,3,7,3694,24,11,2016,5,7,24,0,2,4,2,4,CR-536 SPUR  WILLIAMSTOWN RD,,31,39.72682778,-74.959319440000,0,12,2,0,1,1,0,1,1,1,0,1,0,0000000,99,99,99,99,88,88,0,0,0,2,0
34,340426,1,1,0,1,1,1,1,13,3600,16,11,2016,4,7,36,1,1,3,1,3,SR-10 MT PLEASANT AVE,KELLY DR,219,40.79318889,-74.283500000000,0,8,0,0,2,2,0,1,1,1,0,1,0,0000000,99,99,99,99,99,99,0,0,0,1,0
34,340427,2,2,0,0,0,2,2,41,0,5,12,2016,2,18,10,1,2,3,1,3,SR-31,,397,40.71568056,-74.969552780000,0,12,1,0,1,1,0,1,2,10,0,10,0,0000000,99,99,99,99,99,99,0,0,0,1,0
34,340428,1,1,0,1,1,1,1,19,0,31,5,2016,3,4,54,1,2,3,1,2,US-202,VOOHREES CORNER RD,119,40.50610278,-74.844833330000,0,8,0,0,3,2,0,1,2,1,0,1,0,0000000,4,55,5,0,88,88,0,0,0,1,0
34,340429,1,1,0,1,1,1,1,17,3410,26,5,2016,5,7,0,0,2,7,4,6,30TH ST,NEW YORK AVE,5,40.77074722,-74.028988890000,0,8,0,0,3,2,0,1,1,1,0,1,0,0000000,99,99,99,99,99,99,0,0,0,1,0
34,340430,2,1,1,1,1,1,1,17,1430,25,6,2016,7,3,30,0,2,4,2,4,CR-675 WILLOW AVE,6TH ST,0,40.74407500,-74.032627780000,0,8,0,0,2,2,0,1,3,1,0,1,0,0000000,3,40,3,46,4,13,0,0,0,1,0
34,340431,1,1,0,1,1,2,2,1,90,18,7,2016,2,22,30,1,2,3,4,6,DR MARTIN LUTHER KING BLVD,MCKINLEY AVE,0,39.36994167,-74.438230560000,0,8,0,0,98,98,0,1,3,1,0,1,0,0000000,99,99,99,99,88,88,0,0,0,1,1
34,340432,6,6,0,0,0,10,10,7,3270,14,7,2016,5,21,7,1,2,3,1,2,US-30,,119,39.83112778,-75.002461110000,0,12,7,0,8,1,0,1,3,1,0,1,0,0000000,99,99,99,99,99,99,14,0,0,1,0
34,340433,1,1,0,0,0,1,1,21,3380,7,7,2016,5,19,27,1,2,2,1,3,SR-29,,65,40.23844722,-74.807350000000,0,33,0,0,1,1,0,3,1,1,0,1,0,0000000,19,31,19,36,88,88,0,0,0,1,1
34,340434,2,2,0,0,0,2,2,7,520,31,7,2016,1,20,14,1,2,3,2,4,CR-605 MT EPHRAIM AVE,THURMAN ST,7,39.92705278,-75.106438890000,0,12,6,0,1,1,0,1,1,1,0,1,0,0000000,99,99,99,99,99,99,0,0,0,1,0
34,340435,3,3,0,0,0,3,3,29,3360,14,7,2016,5,6,56,0,2,4,2,4,CR-527 WHITESVILLE RD,MEDJAY LANE,64,40.02283333,-74.233666670000,0,12,2,0,3,3,0,1,1,1,0,1,0,0000000,6,57,7,4,7,36,0,0,0,1,0
34,340436,3,3,0,0,0,3,3,17,1520,22,7,2016,6,2,16,1,2,4,2,4,CR-653 NEW COUNTY RD,,0,40.74954722,-74.061338890000,0,12,2,0,1,1,0,1,3,1,0,1,0,0000000,99,99,99,99,99,99,0,0,0,1,1
34,340437,2,2,0,0,0,2,2,23,844,25,7,2016,2,7,10,1,2,3,1,3,SR-27 LINCOLN HIGHWAY,PETERSON AVE,195,40.52109722,-74.394402780000,0,12,6,0,8,1,0,1,1,1,0,1,0,0000000,7,30,7,40,99,99,0,0,0,1,0
34,340438,2,2,0,0,0,2,2,19,0,3,8,2016,4,21,0,1,2,3,1,2,US-22,EAST MAIN STREET,228,40.64450556,-74.813425000000,0,12,6,0,2,4,0,1,5,1,0,1,0,0000000,21,7,21,15,88,88,0,0,0,1,0
34,340439,1,1,0,0,0,1,1,23,3705,11,8,2016,5,5,11,1,2,3,1,3,SR-35 ST GEORGES AVE,CHAIN O HILLS RD,573,40.58434167,-74.292763890000,0,33,0,0,3,2,0,4,6,1,0,1,0,0000000,5,13,99,97,99,97,0,0,0,1,0
34,340440,1,1,0,2,2,1,1,35,425,25,8,2016,5,3,12,1,2,3,1,2,US-22,,360,40.57817222,-74.582650000000,0,8,0,0,1,1,0,1,3,1,0,1,0,0000000,3,18,3,22,99,99,0,0,0,2,0
34,340441,1,1,0,0,0,6,6,3,1795,22,10,2016,7,22,32,0,2,7,3,5,BELLGROVE DR,,2,41.08217500,-74.131483330000,0,33,0,0,1,1,0,4,3,10,0,10,0,0000000,99,99,99,99,99,99,0,0,0,1,0
34,340442,1,1,0,1,1,1,1,5,3537,30,10,2016,1,19,36,1,2,3,2,4,CR-626 RANCOCAS RD,,65,40.00957500,-74.842911110000,0,8,0,0,1,1,0,1,2,2,0,2,0,0000000,99,99,99,99,88,88,0,0,0,1,0
34,340443,1,1,0,0,0,1,1,3,820,30,10,2016,1,2,31,1,2,2,1,3,SR-120,,1,40.80617500,-74.072533330000,0,52,0,1,19,1,0,3,2,1,0,1,0,0000000,2,44,99,99,88,88,0,0,0,1,1
34,340444,1,1,0,0,0,3,3,1,1264,30,10,2016,1,19,52,0,1,4,1,3,SR-50,,235,39.50263611,-74.681788890000,0,30,0,0,1,1,0,4,3,2,0,2,0,0000000,99,99,99,99,99,99,0,0,0,1,1
34,340445,1,1,0,0,0,1,1,1,90,26,10,2016,4,20,25,1,1,3,1,2,US-30,,565,39.37932778,-74.457013890000,0,30,0,0,1,1,0,4,3,1,0,1,0,0000000,99,99,99,99,88,88,0,0,0,1,1
34,340446,2,2,0,0,0,3,3,27,2003,25,10,2016,3,11,5,1,2,3,1,2,US-202,I-287 RAMP,258,40.91705556,-74.371900000000,0,12,6,1,2,3,0,1,1,1,0,1,0,0000000,99,99,99,99,99,99,0,0,0,1,0
34,340447,1,1,0,1,1,1,1,25,1925,13,10,2016,5,21,10,1,2,3,1,3,SR-36,7TH ST,174,40.41848056,-74.081333330000,0,8,0,0,2,3,0,1,2,1,0,1,0,0000000,99,99,99,99,99,99,0,0,0,1,1
34,340448,1,1,0,1,1,1,1,27,2498,25,10,2016,3,21,5,0,2,4,4,6,N BEVERWYCK RD,TIOGA AVE,15,40.88533333,-74.381086110000,0,8,0,0,3,3,0,1,3,1,0,1,0,0000000,99,99,99,99,88,88,0,0,0,1,0
34,340449,2,2,0,0,0,2,2,25,1465,12,10,2016,4,7,49,1,2,3,1,2,US-9,LANES MILL RD,1044,40.12950278,-74.223275000000,0,12,6,0,2,2,0,1,1,1,0,1,0,0000000,99,99,99,99,99,99,0,0,0,1,0
34,340450,1,1,0,1,1,1,1,3,3340,25,10,2016,3,5,45,1,2,3,2,4,CR-72 E CLINTON AVE,WOODLAND AVE,12,40.91200833,-73.946891670000,0,8,0,0,1,1,0,1,3,1,0,1,0,0000000,99,99,99,99,99,99,0,0,0,1,0
34,340451,1,1,0,1,1,1,1,17,1520,29,9,2016,5,6,9,1,2,3,2,4,CR-501 KENNEDY BLVD,LEONARD ST,326,40.75606389,-74.046741670000,0,8,0,0,2,2,0,1,3,1,0,1,0,0000000,6,13,6,19,88,88,0,0,0,1,0
34,340452,2,2,0,0,0,3,3,29,3360,4,8,2016,5,22,14,0,2,7,4,6,WAVE WAY,HARBOR VIEW LANE,1,40.01030833,-74.110330560000,0,12,6,0,2,2,0,1,3,1,0,1,0,0000000,22,23,22,30,99,99,0,0,0,1,0
34,340453,1,1,0,0,0,2,2,5,1040,23,9,2016,6,2,10,0,2,5,2,4,CR-656 FRONT STREET,,99999,40.11886111,-74.825702780000,0,30,0,0,1,1,0,4,3,1,0,1,0,0000000,2,11,2,19,3,11,0,0,0,1,1
34,340454,1,1,0,0,0,2,2,5,0,27,9,2016,3,5,11,0,1,7,3,6,HANOVER BLVD,MAGNOLIA ST,12,39.98577222,-74.556983330000,0,42,0,0,1,1,0,4,2,2,0,2,0,0000000,5,29,99,99,99,99,0,0,0,1,0
34,340455,1,1,0,1,1,1,1,3,900,24,9,2016,7,0,29,1,2,3,1,2,US-9W SYLVAN AVE,SHERWOOD AVE,19,40.87689167,-73.951969440000,0,8,0,0,2,3,0,1,3,2,0,2,0,0000000,0,30,0,38,1,3,0,0,0,1,0
34,340456,1,1,0,1,1,1,1,21,2712,15,9,2016,5,19,0,0,2,4,4,4,CR-583  MERCER STREET,GALLUP RD,69,40.32166667,-74.684505560000,0,8,0,0,1,1,0,1,2,1,0,1,0,0000000,88,88,88,88,88,88,0,0,0,1,0
34,340457,1,1,0,1,1,5,5,3,3750,8,10,2016,7,0,5,1,2,3,1,3,SR-17,,70,40.84829444,-74.076152780000,0,8,0,0,1,1,0,1,3,1,0,1,0,0000000,99,99,99,99,99,99,0,0,0,1,0
34,340458,1,1,0,0,0,1,1,5,3537,16,10,2016,1,4,39,1,2,3,2,4,CR-541 BURLINGTON-MT HOLLY RD,,189,40.01381667,-74.803494440000,0,33,0,0,1,1,0,3,2,1,0,1,0,0000000,4,41,4,45,88,88,0,0,0,1,0
34,340459,1,1,0,1,1,1,1,17,2205,2,10,2016,1,0,6,1,2,3,1,2,US-1 TONNELLE AVE,14TH ST JUGHANDLE,566,40.76559167,-74.047352780000,0,8,0,0,99,99,0,99,3,10,0,10,0,0000000,0,11,0,18,0,39,0,0,0,1,0
34,340460,1,1,0,1,1,4,4,29,1590,1,10,2016,7,21,4,0,2,7,4,6,WILLIAM ST,EVIAN CT,0,40.07696389,-74.221211110000,0,9,0,0,3,3,0,1,3,2,0,2,0,0000000,21,6,21,9,99,99,0,0,0,1,0
34,340461,1,1,0,0,0,1,1,13,2130,21,9,2016,4,18,40,1,2,3,2,4,CR-510,SOUTH 17TH ST,274,40.74260833,-74.206536110000,0,33,0,0,3,3,0,4,1,1,0,1,0,0000000,99,99,99,99,99,99,0,0,0,1,0
34,340462,1,1,0,0,0,1,1,5,0,24,9,2016,7,1,2,0,1,7,3,5,MT MISERY RD,JUNCTION RD,16,39.94679444,-74.593397220000,0,42,0,0,3,4,0,5,2,1,0,1,0,0000000,1,3,1,7,1,51,0,0,0,1,1
34,340463,1,1,0,1,1,1,1,1,1264,4,10,2016,3,6,17,1,2,3,1,2,US-40,,505,39.45026389,-74.665038890000,0,9,0,0,1,1,0,2,2,1,0,1,0,0000000,6,23,6,27,88,88,0,0,0,1,0
34,340464,2,2,0,1,1,4,4,11,0,21,10,2016,6,21,0,1,2,3,1,3,SR-49,,273,39.42356389,-75.200791670000,0,8,0,0,8,1,0,1,2,1,0,1,0,0000000,21,0,21,5,88,88,0,0,0,1,0
34,340465,1,1,0,0,0,1,1,27,0,13,11,2016,1,16,36,0,1,5,2,4,CR-513 W MILL RD,,228,40.75725278,-74.822677780000,0,11,0,0,1,1,0,1,1,1,0,1,0,0000000,99,99,99,99,99,99,0,0,0,1,0
34,340466,1,1,0,0,0,5,5,1,0,12,11,2016,7,6,48,0,1,5,2,4,CR-559 OCEAN HEIGHTS AVE,,75,39.36626111,-74.703183330000,0,24,0,0,1,1,0,4,4,1,0,1,0,0000000,99,99,99,99,99,99,0,0,0,1,1
34,340467,1,1,0,0,0,1,1,31,0,29,5,2016,1,21,29,0,1,7,3,5,CLINTON RD,SCHOOL HOUSE COVE RD,12,41.07193889,-74.450297220000,0,24,0,0,3,4,0,4,2,1,0,1,0,0000000,21,44,21,57,88,88,0,0,0,1,1
34,340468,2,2,0,1,1,2,2,1,90,3,11,2016,5,18,52,1,2,3,1,2,US-40 N ALBANY AVE,,633,39.37134722,-74.478119440000,0,8,0,0,1,1,0,1,3,1,0,1,0,0000000,99,99,99,99,99,99,0,0,0,1,0
34,340469,1,1,0,1,1,2,2,15,0,3,11,2016,5,23,8,0,2,4,1,3,SR-47 DELSEA DR,CR-665 CATTELL RD,708,39.81353056,-75.124516670000,0,9,0,0,2,3,0,1,3,1,0,1,0,0000000,99,99,99,99,99,99,0,0,0,1,0
34,340470,1,1,0,1,1,1,1,25,0,9,11,2016,4,6,13,1,2,3,1,3,SR-79,,82,40.35340278,-74.249630560000,0,8,0,0,1,1,0,1,2,1,0,1,0,0000000,99,99,99,99,99,99,0,0,0,1,0
34,340472,1,1,0,0,0,2,2,5,0,11,11,2016,6,22,42,0,2,4,2,4,CR-645 MOUNT MISERY RD,JUNCTION RD,16,39.94676944,-74.593261110000,0,42,0,0,1,1,0,4,2,1,0,1,0,0000000,99,99,99,99,99,99,0,0,0,1,1
34,340473,2,2,0,0,0,4,4,25,0,15,11,2016,3,14,14,0,2,5,2,3,SR-54 PHALANX RD,,20,40.31672222,-74.131175000000,0,12,2,0,1,1,0,1,1,1,0,1,1,0000000,99,99,99,99,99,99,0,0,0,1,0
34,340474,1,1,0,1,1,3,3,5,0,3,11,2016,5,17,1,1,2,3,1,2,US-130,,432,40.04742500,-74.902300000000,0,8,0,0,1,1,0,1,2,1,0,1,0,0000000,99,99,99,99,99,99,0,0,0,1,0
34,340475,2,2,0,0,0,2,2,31,2800,27,11,2016,1,10,14,1,2,3,4,3,SR-511 GREENWOOD LAKE TPK,,275,41.11218611,-74.281575000000,0,12,2,0,1,1,0,1,1,1,0,1,0,0000000,10,15,10,25,11,23,0,0,0,1,0
34,340476,2,2,0,0,0,2,2,23,844,5,11,2016,7,3,22,1,2,3,1,2,US-1,CR-660 GRANDVIEW AVE W,331,40.53984167,-74.338700000000,0,12,6,0,2,2,0,1,3,1,0,1,0,0000000,99,99,99,99,99,99,0,0,0,1,1
34,340477,1,1,0,1,1,1,1,35,0,9,11,2016,4,17,43,0,2,5,4,6,HAMILTON RD,,14,40.50690000,-74.611608330000,0,8,0,0,1,1,0,1,2,2,0,2,0,0000000,99,99,99,99,99,99,0,0,0,1,0
34,340478,2,2,0,0,0,2,2,13,2130,15,8,2016,2,21,46,0,2,7,4,6,WILLOUGHBY ST,BRAGAW AVE,2,40.71565556,-74.214419440000,0,12,99,0,3,3,0,99,2,1,0,1,0,0000000,99,99,99,99,99,99,0,0,0,1,0